id,city,temperature,humidity,weather,wind_speed,timestamp
1,Delhi,33.29,8,clear sky,2.54,1743864594
2,Delhi,33.29,8,clear sky,2.54,1743864594
3,Chennai,36.24,65,partly cloudy,8.87,1743869270
4,Delhi,33.65,65,thunderstorm,6.57,1743869270
5,Mumbai,30.18,53,cloudy,5.39,1743869270
6,Kolkata,20.75,89,cloudy,3.34,1743869270
7,Mumbai,27.9,38,clear sky,4.49,1743869270
8,Hyderabad,22.62,86,mist,3.26,1743869270
9,Mumbai,21.76,53,partly cloudy,3.41,1743869270
10,Kolkata,35.53,78,thunderstorm,6.15,1743869270
11,Chennai,34.34,65,mist,7.19,1743869270
12,Delhi,37.89,84,thunderstorm,5.71,1743869270
13,Delhi,35.53,51,rainy,8.48,1743869270
14,Delhi,31.17,77,rainy,6.05,1743869270
15,Ahmedabad,37.33,67,sunny,2.07,1743869270
16,Ahmedabad,26.57,50,cloudy,8.67,1743869270
17,Kolkata,24.17,63,sunny,8.13,1743869270
18,Mumbai,27.35,33,thunderstorm,6.05,1743869270
19,Bangalore,25.95,78,clear sky,6.44,1743869270
20,Kolkata,26.74,52,thunderstorm,3.24,1743869270
21,Kolkata,32.14,86,sunny,5.08,1743869270
22,Ahmedabad,39.18,51,clear sky,4.57,1743869270
23,Mumbai,23.54,46,cloudy,1.04,1743869270
24,Pune,30.48,68,thunderstorm,9.61,1743869270
25,Mumbai,33.78,53,rainy,9.49,1743869270
26,Hyderabad,30.58,68,mist,3.73,1743869270
27,Delhi,31.97,82,mist,4.61,1743869270
28,Mumbai,21.72,69,cloudy,9.92,1743869270
29,Bangalore,22.77,76,sunny,4.81,1743869270
30,Bangalore,39.32,41,mist,3.02,1743869270
31,Hyderabad,37.44,84,sunny,5.91,1743869270
32,Pune,37.75,81,mist,1.04,1743869270
33,Chennai,33.06,68,rainy,9.81,1743869270
34,Chennai,22.93,83,clear sky,2.39,1743869270
35,Delhi,38.51,60,partly cloudy,4.56,1743869270
36,Hyderabad,31.03,69,thunderstorm,9.61,1743869270
37,Delhi,26.79,46,cloudy,2.63,1743869270
38,Hyderabad,27.93,75,partly cloudy,7.5,1743869270
39,Bangalore,31.09,78,thunderstorm,2.06,1743869270
40,Ahmedabad,20.22,52,cloudy,8.37,1743869270
41,Delhi,29.81,86,mist,1.64,1743869270
42,Hyderabad,21.2,71,rainy,5.8,1743869270
43,Kolkata,25.28,90,sunny,8.57,1743869270
44,Hyderabad,27.58,39,clear sky,3.65,1743869270
45,Kolkata,27.84,80,clear sky,3.25,1743869270
46,Delhi,35.75,40,clear sky,8.56,1743869270
47,Delhi,21.43,89,mist,9.23,1743869270
48,Mumbai,35.92,68,partly cloudy,6.5,1743869270
49,Ahmedabad,34.56,84,thunderstorm,1.1,1743869270
50,Delhi,25.66,52,rainy,4.85,1743869270
51,Ahmedabad,35.68,62,sunny,6.03,1743869270
52,Mumbai,24.03,84,thunderstorm,5.65,1743869270
53,Chennai,36.24,65,partly cloudy,8.87,1743869270
54,Delhi,33.65,65,thunderstorm,6.57,1743869270
55,Mumbai,30.18,53,cloudy,5.39,1743869270
56,Kolkata,20.75,89,cloudy,3.34,1743869270
57,Mumbai,27.9,38,clear sky,4.49,1743869270
58,Hyderabad,22.62,86,mist,3.26,1743869270
59,Mumbai,21.76,53,partly cloudy,3.41,1743869270
60,Kolkata,35.53,78,thunderstorm,6.15,1743869270
61,Chennai,34.34,65,mist,7.19,1743869270
62,Delhi,37.89,84,thunderstorm,5.71,1743869270
63,Delhi,35.53,51,rainy,8.48,1743869270
64,Delhi,31.17,77,rainy,6.05,1743869270
65,Ahmedabad,37.33,67,sunny,2.07,1743869270
66,Ahmedabad,26.57,50,cloudy,8.67,1743869270
67,Kolkata,24.17,63,sunny,8.13,1743869270
68,Mumbai,27.35,33,thunderstorm,6.05,1743869270
69,Bangalore,25.95,78,clear sky,6.44,1743869270
70,Kolkata,26.74,52,thunderstorm,3.24,1743869270
71,Kolkata,32.14,86,sunny,5.08,1743869270
72,Ahmedabad,39.18,51,clear sky,4.57,1743869270
73,Mumbai,23.54,46,cloudy,1.04,1743869270
74,Pune,30.48,68,thunderstorm,9.61,1743869270
75,Mumbai,33.78,53,rainy,9.49,1743869270
76,Hyderabad,30.58,68,mist,3.73,1743869270
77,Delhi,31.97,82,mist,4.61,1743869270
78,Mumbai,21.72,69,cloudy,9.92,1743869270
79,Bangalore,22.77,76,sunny,4.81,1743869270
80,Bangalore,39.32,41,mist,3.02,1743869270
81,Hyderabad,37.44,84,sunny,5.91,1743869270
82,Pune,37.75,81,mist,1.04,1743869270
83,Chennai,33.06,68,rainy,9.81,1743869270
84,Chennai,22.93,83,clear sky,2.39,1743869270
85,Delhi,38.51,60,partly cloudy,4.56,1743869270
86,Hyderabad,31.03,69,thunderstorm,9.61,1743869270
87,Delhi,26.79,46,cloudy,2.63,1743869270
88,Hyderabad,27.93,75,partly cloudy,7.5,1743869270
89,Bangalore,31.09,78,thunderstorm,2.06,1743869270
90,Ahmedabad,20.22,52,cloudy,8.37,1743869270
91,Delhi,29.81,86,mist,1.64,1743869270
92,Hyderabad,21.2,71,rainy,5.8,1743869270
93,Kolkata,25.28,90,sunny,8.57,1743869270
94,Hyderabad,27.58,39,clear sky,3.65,1743869270
95,Kolkata,27.84,80,clear sky,3.25,1743869270
96,Delhi,35.75,40,clear sky,8.56,1743869270
97,Delhi,21.43,89,mist,9.23,1743869270
98,Mumbai,35.92,68,partly cloudy,6.5,1743869270
99,Ahmedabad,34.56,84,thunderstorm,1.1,1743869270
100,Delhi,25.66,52,rainy,4.85,1743869270
101,Ahmedabad,35.68,62,sunny,6.03,1743869270
102,Mumbai,24.03,84,thunderstorm,5.65,1743869270
103,Delhi,24.29,40,clear sky,8.94,1743870457
104,Mumbai,25.61,55,cloudy,5.02,1743870459
105,Chennai,29.1,39,cloudy,7.09,1743870461
106,Mumbai,34.97,84,cloudy,5.78,1743870463
107,Bangalore,26.88,73,cloudy,4.0,1743870465
108,Bangalore,29.85,61,cloudy,8.08,1743870467
109,Bangalore,26.67,76,cloudy,8.7,1743870469
110,Delhi,28.17,66,cloudy,4.79,1743870471
111,Delhi,28.86,53,cloudy,7.08,1743870473
112,Chennai,20.05,47,cloudy,8.59,1743870475
113,Chennai,28.88,90,cloudy,6.31,1743870477
114,Bangalore,27.51,83,clear sky,6.34,1743870479
115,Delhi,27.93,84,cloudy,7.81,1743870481
116,Delhi,22.39,47,stormy,7.98,1743870483
117,Delhi,38.56,76,stormy,3.06,1743870485
118,Chennai,38.8,35,stormy,9.93,1743870487
119,Delhi,21.84,51,rainy,9.33,1743870489
120,Delhi,20.13,89,stormy,6.42,1743870491
121,Delhi,26.69,63,cloudy,2.72,1743870493
122,Bangalore,25.84,41,cloudy,6.91,1743870495
123,Bangalore,29.87,63,clear sky,5.93,1743870497
124,Mumbai,29.05,89,rainy,1.14,1743870499
125,Delhi,25.21,58,stormy,5.74,1743870501
126,Delhi,23.9,69,cloudy,9.68,1743870503
127,Delhi,37.55,44,cloudy,1.35,1743870505
128,Mumbai,22.82,56,rainy,7.87,1743870507
129,Delhi,23.39,52,rainy,1.75,1743870509
130,Delhi,38.66,89,clear sky,6.88,1743870511
131,Delhi,35.97,43,clear sky,7.25,1743870513
132,Delhi,36.33,43,rainy,7.19,1743870515
133,Mumbai,27.26,31,stormy,9.47,1743870517
134,Delhi,26.51,46,clear sky,2.48,1743870519
135,Delhi,32.85,40,cloudy,8.45,1743870521
136,Bangalore,30.69,79,rainy,3.07,1743870523
137,Bangalore,30.83,69,stormy,2.39,1743870525
138,Mumbai,32.74,36,cloudy,6.52,1743870527
139,Delhi,30.61,80,cloudy,2.24,1743870529
140,Mumbai,29.14,67,stormy,7.14,1743870531
141,Bangalore,23.82,87,cloudy,5.55,1743870533
142,Bangalore,24.26,90,cloudy,4.92,1743870535
143,Delhi,34.63,39,clear sky,9.93,1743870537
144,Delhi,24.15,61,rainy,9.81,1743870539
145,Delhi,20.61,89,clear sky,4.68,1743870541
146,Chennai,27.6,33,clear sky,1.63,1743870543
147,Bangalore,31.8,73,clear sky,7.88,1743870545
148,Delhi,38.68,49,cloudy,4.44,1743870547
149,Delhi,26.75,39,rainy,6.72,1743870549
150,Chennai,29.96,58,stormy,4.2,1743870551
151,Bangalore,30.71,67,stormy,2.88,1743870553
152,Mumbai,26.76,42,cloudy,4.15,1743870555
153,Bangalore,33.8,43,rainy,6.49,1743870557
154,Bangalore,22.55,68,clear sky,3.4,1743870559
155,Chennai,20.86,53,stormy,9.64,1743870561
156,Chennai,36.41,36,stormy,6.67,1743870563
157,Chennai,36.26,79,clear sky,5.69,1743870565
158,Mumbai,24.92,39,clear sky,1.04,1743870567
159,Bangalore,34.08,83,cloudy,7.79,1743870569
160,Delhi,30.96,61,stormy,6.26,1743870571
161,Chennai,30.63,79,cloudy,7.0,1743870573
162,Mumbai,31.5,62,cloudy,3.99,1743870575
163,Chennai,26.58,30,stormy,9.24,1743870577
164,Delhi,35.09,45,cloudy,5.47,1743870579
165,Bangalore,30.77,41,cloudy,8.03,1743870581
166,Chennai,32.18,31,rainy,7.33,1743870583
167,Bangalore,34.16,54,cloudy,7.73,1743870585
168,Bangalore,23.38,79,clear sky,0.68,1743870587
169,Mumbai,27.31,44,stormy,9.46,1743870589
170,Chennai,38.97,33,clear sky,7.65,1743870591
171,Bangalore,32.77,61,rainy,7.34,1743870593
172,Delhi,27.76,64,stormy,4.15,1743870595
173,Delhi,34.98,84,cloudy,4.37,1743870597
174,Bangalore,21.18,89,rainy,5.86,1743870599
175,Mumbai,35.02,89,rainy,2.38,1743870601
176,Bangalore,24.07,86,clear sky,2.18,1743870603
177,Mumbai,37.42,62,clear sky,9.83,1743870605
178,Delhi,21.0,85,stormy,6.16,1743870607
179,Chennai,20.61,57,cloudy,3.2,1743870609
180,Bangalore,24.65,33,stormy,6.96,1743870611
181,Chennai,30.33,50,clear sky,5.94,1743870613
182,Delhi,31.59,60,stormy,2.11,1743870615
183,Delhi,26.6,87,cloudy,9.49,1743870617
184,Delhi,32.77,85,clear sky,3.04,1743870619
185,Delhi,36.1,55,rainy,3.25,1743870621
186,Delhi,25.15,89,stormy,7.85,1743870623
187,Bangalore,24.43,51,rainy,9.99,1743870625
188,Bangalore,34.87,30,rainy,1.27,1743870627
189,Mumbai,30.06,35,cloudy,1.82,1743870629
190,Delhi,31.68,77,cloudy,1.53,1743870631
191,Bangalore,25.85,31,stormy,1.26,1743870633
192,Bangalore,26.98,78,clear sky,1.65,1743870635
193,Bangalore,22.31,45,cloudy,4.43,1743870637
194,Delhi,20.33,71,cloudy,2.32,1743870639
195,Mumbai,20.25,42,stormy,4.34,1743870641
196,Chennai,23.86,79,clear sky,2.06,1743870643
197,Bangalore,26.53,85,rainy,7.35,1743870645
198,Bangalore,28.49,31,rainy,3.42,1743870647
199,Mumbai,33.09,36,rainy,3.39,1743870649
200,Mumbai,33.44,75,clear sky,4.19,1743870651
201,Chennai,23.4,57,clear sky,5.11,1743870653
202,Mumbai,30.32,40,clear sky,6.61,1743870655
203,Chennai,27.23,33,stormy,6.1,1743870657
204,Delhi,28.47,63,clear sky,9.49,1743870659
205,Delhi,24.96,84,rainy,7.11,1743870661
206,Mumbai,34.59,74,cloudy,5.84,1743870663
207,Delhi,23.67,55,rainy,7.03,1743870665
208,Bangalore,37.11,44,cloudy,4.19,1743870667
209,Delhi,23.75,75,rainy,3.16,1743870669
210,Delhi,21.57,79,cloudy,8.36,1743870671
211,Delhi,20.45,80,rainy,1.27,1743870673
212,Mumbai,25.12,54,rainy,8.51,1743870675
213,Mumbai,32.02,47,stormy,3.9,1743870677
214,Mumbai,31.39,80,clear sky,7.79,1743870679
215,Chennai,25.1,75,cloudy,8.61,1743870681
216,Delhi,33.62,33,cloudy,8.18,1743870683
217,Bangalore,38.71,58,rainy,0.59,1743870685
218,Bangalore,21.18,31,stormy,5.93,1743870687
219,Mumbai,23.76,84,cloudy,0.74,1743870689
220,Mumbai,21.91,75,clear sky,4.03,1743870691
221,Delhi,33.8,70,rainy,3.52,1743870693
222,Mumbai,38.73,60,clear sky,7.93,1743870695
223,Delhi,30.78,43,cloudy,9.68,1743870697
224,Delhi,33.21,45,cloudy,8.29,1743870699
225,Bangalore,33.98,50,stormy,5.31,1743870701
226,Delhi,36.81,41,rainy,8.68,1743870703
227,Delhi,30.72,53,rainy,0.74,1743870705
228,Bangalore,38.62,65,stormy,3.92,1743870707
229,Delhi,32.65,87,rainy,4.42,1743870709
230,Delhi,39.46,71,rainy,2.72,1743870711
231,Delhi,21.33,38,clear sky,7.29,1743870713
232,Bangalore,24.7,38,rainy,3.86,1743870716
233,Bangalore,22.26,77,rainy,9.29,1743870718
234,Delhi,29.83,80,cloudy,4.62,1743870720
235,Chennai,29.02,87,stormy,5.22,1743870722
236,Delhi,36.94,85,rainy,6.73,1743870724
237,Mumbai,23.06,50,clear sky,1.57,1743870726
238,Delhi,22.85,56,cloudy,2.73,1743870728
239,Bangalore,35.31,37,cloudy,2.39,1743870730
240,Mumbai,38.36,52,stormy,7.98,1743870732
241,Chennai,35.21,59,rainy,5.21,1743870734
242,Delhi,24.38,87,stormy,8.52,1743870736
243,Chennai,20.16,35,cloudy,6.83,1743870738
244,Mumbai,35.46,68,rainy,0.63,1743870740
245,Bangalore,22.41,86,stormy,2.6,1743870742
246,Bangalore,37.5,65,rainy,7.47,1743870744
247,Delhi,23.98,66,stormy,1.07,1743870746
248,Delhi,34.49,34,clear sky,2.33,1743870748
249,Bangalore,24.41,88,cloudy,0.86,1743870750
250,Mumbai,35.66,71,cloudy,5.78,1743870752
251,Delhi,24.39,80,clear sky,5.32,1743870754
252,Mumbai,23.92,57,stormy,6.57,1743870756
253,Bangalore,31.75,79,cloudy,3.92,1743870758
254,Chennai,29.73,32,cloudy,1.81,1743870760
255,Bangalore,29.64,41,rainy,2.28,1743870762
256,Delhi,26.75,48,stormy,7.04,1743870764
257,Mumbai,37.66,44,stormy,2.8,1743870766
258,Chennai,30.43,42,stormy,0.59,1743870768
259,Chennai,29.07,32,clear sky,6.61,1743870770
260,Chennai,23.85,81,clear sky,2.0,1743870772
261,Bangalore,27.67,46,stormy,8.55,1743870774
262,Bangalore,36.21,46,clear sky,2.3,1743870776
263,Mumbai,28.34,38,clear sky,7.0,1743870778
264,Delhi,27.95,67,rainy,3.8,1743870780
265,Mumbai,34.69,67,cloudy,4.79,1743870782
266,Delhi,21.65,59,cloudy,9.95,1743870784
267,Chennai,25.76,66,stormy,6.67,1743870786
268,Chennai,20.86,39,rainy,0.79,1743870788
269,Mumbai,34.5,51,cloudy,7.87,1743870790
270,Delhi,29.92,55,clear sky,6.94,1743870792
271,Chennai,24.12,66,rainy,2.98,1743870794
272,Mumbai,38.38,57,rainy,8.72,1743870796
273,Mumbai,30.24,51,stormy,9.89,1743870798
274,Mumbai,33.1,63,rainy,4.34,1743870800
275,Bangalore,38.23,79,stormy,6.31,1743870802
276,Mumbai,36.36,80,rainy,3.76,1743870804
277,Bangalore,32.22,67,cloudy,2.02,1743870806
278,Delhi,33.68,40,rainy,6.67,1743870808
279,Mumbai,25.43,36,clear sky,5.68,1743870810
280,Mumbai,22.13,83,clear sky,9.15,1743870812
281,Chennai,28.63,65,stormy,7.49,1743870814
282,Bangalore,37.67,56,stormy,2.46,1743870816
283,Chennai,21.14,73,clear sky,1.4,1743870818
284,Mumbai,33.24,37,rainy,5.17,1743870820
285,Mumbai,20.11,70,rainy,0.71,1743870822
286,Delhi,21.79,70,cloudy,7.11,1743870824
287,Chennai,39.73,42,stormy,1.96,1743870826
288,Chennai,35.51,81,stormy,4.75,1743870828
289,Bangalore,36.53,34,clear sky,0.94,1743870830
290,Chennai,34.12,82,clear sky,9.29,1743870832
291,Mumbai,26.63,31,rainy,9.6,1743870834
292,Bangalore,39.36,69,stormy,2.71,1743870836
293,Bangalore,31.38,61,rainy,8.14,1743870838
294,Bangalore,20.59,57,stormy,7.79,1743870840
295,Mumbai,24.44,49,cloudy,7.5,1743870842
296,Delhi,39.21,52,stormy,4.32,1743870844
297,Bangalore,30.04,83,stormy,9.01,1743870846
298,Chennai,34.92,30,rainy,2.78,1743870848
299,Mumbai,25.69,48,stormy,4.88,1743870850
300,Delhi,29.56,36,stormy,0.89,1743870852
301,Bangalore,24.93,90,clear sky,1.54,1743870854
302,Delhi,33.25,55,stormy,1.35,1743870856
303,Delhi,28.78,43,rainy,1.63,1743870858
304,Delhi,38.3,30,stormy,3.75,1743870860
305,Delhi,37.98,45,cloudy,0.88,1743870862
306,Bangalore,21.72,58,clear sky,5.4,1743870864
307,Chennai,34.31,43,cloudy,1.44,1743870866
308,Chennai,34.1,85,stormy,7.69,1743870868
309,Bangalore,27.34,80,cloudy,1.5,1743870870
310,Delhi,39.9,62,rainy,3.46,1743870872
311,Delhi,34.48,80,cloudy,3.07,1743870874
312,Chennai,28.7,87,rainy,3.82,1743870876
313,Delhi,32.4,44,rainy,5.7,1743870878
314,Delhi,36.13,63,clear sky,2.48,1743870880
315,Bangalore,24.39,81,clear sky,5.87,1743870882
316,Delhi,38.29,39,clear sky,9.14,1743870884
317,Bangalore,31.56,65,stormy,9.05,1743870886
318,Mumbai,34.61,69,cloudy,4.02,1743870888
319,Delhi,20.35,62,clear sky,9.75,1743870890
320,Mumbai,26.65,61,rainy,8.94,1743870892
321,Bangalore,33.98,52,stormy,5.56,1743870894
322,Chennai,28.52,87,clear sky,8.37,1743870896
323,Mumbai,36.93,65,rainy,5.76,1743870898
324,Bangalore,28.36,51,clear sky,2.43,1743870900
325,Delhi,39.91,50,cloudy,8.82,1743870902
326,Delhi,21.04,49,cloudy,2.83,1743870904
327,Delhi,33.03,67,stormy,4.36,1743870906
328,Bangalore,20.46,77,rainy,4.16,1743870908
329,Chennai,36.66,43,cloudy,1.12,1743870910
330,Mumbai,22.49,40,rainy,3.04,1743870912
331,Delhi,29.84,55,clear sky,7.64,1743870914
332,Bangalore,21.7,73,clear sky,2.47,1743870916
333,Mumbai,29.16,38,cloudy,7.2,1743870918
334,Chennai,32.96,42,stormy,1.25,1743870920
335,Delhi,32.86,86,clear sky,5.56,1743870922
336,Bangalore,22.69,42,stormy,8.48,1743870924
337,Delhi,29.57,49,rainy,1.91,1743870926
338,Delhi,27.37,60,stormy,6.53,1743870928
339,Mumbai,26.72,87,cloudy,1.23,1743870930
340,Chennai,39.48,66,rainy,1.63,1743870932
341,Mumbai,36.24,48,stormy,6.1,1743870934
342,Chennai,39.96,88,stormy,6.43,1743870936
343,Mumbai,37.23,64,rainy,4.05,1743870938
344,Mumbai,20.58,35,rainy,8.33,1743870940
345,Delhi,38.45,56,rainy,3.72,1743870942
346,Chennai,34.51,80,clear sky,7.78,1743870944
347,Bangalore,37.55,42,cloudy,4.07,1743870946
348,Bangalore,38.23,79,stormy,4.11,1743870948
349,Mumbai,34.69,59,stormy,0.52,1743870950
350,Delhi,38.22,38,rainy,1.61,1743870952
351,Bangalore,25.44,88,rainy,8.11,1743870954
352,Mumbai,35.94,62,stormy,7.61,1743870956
353,Bangalore,28.41,67,rainy,8.82,1743870958
354,Bangalore,27.8,33,cloudy,6.62,1743870960
355,Mumbai,26.11,54,clear sky,9.89,1743870962
356,Mumbai,27.41,35,stormy,6.01,1743870964
357,Mumbai,33.44,61,clear sky,5.74,1743870966
358,Chennai,25.33,85,clear sky,0.92,1743870968
359,Bangalore,22.02,67,clear sky,2.0,1743870970
360,Bangalore,37.52,63,cloudy,9.3,1743870972
361,Chennai,29.75,56,cloudy,9.97,1743870974
362,Delhi,39.82,65,cloudy,9.79,1743870976
363,Mumbai,35.23,62,clear sky,2.23,1743870978
364,Bangalore,22.69,36,stormy,3.41,1743870980
365,Bangalore,26.57,85,stormy,1.01,1743870983
366,Chennai,20.18,61,rainy,6.13,1743870985
367,Delhi,30.12,87,rainy,1.71,1743870987
368,Bangalore,21.08,48,rainy,7.86,1743870989
369,Chennai,24.76,72,stormy,6.49,1743870991
370,Bangalore,32.22,64,clear sky,8.16,1743870993
371,Bangalore,39.0,83,cloudy,3.1,1743870995
372,Delhi,34.52,50,clear sky,7.2,1743870997
373,Chennai,20.99,70,stormy,5.89,1743870999
374,Delhi,25.46,75,cloudy,7.43,1743871001
375,Chennai,23.93,37,rainy,9.79,1743871003
376,Mumbai,38.96,30,rainy,9.86,1743871005
377,Delhi,20.55,32,stormy,0.67,1743871007
378,Delhi,31.67,88,rainy,1.92,1743871009
379,Bangalore,21.8,31,clear sky,2.79,1743871011
380,Mumbai,29.23,37,rainy,7.77,1743871013
381,Delhi,24.12,31,stormy,2.78,1743871015
382,Bangalore,37.89,89,clear sky,2.02,1743871017
383,Mumbai,26.8,38,cloudy,7.56,1743871019
384,Bangalore,26.48,83,stormy,8.37,1743871021
385,Chennai,22.88,35,stormy,0.7,1743871023
386,Chennai,34.06,63,stormy,5.51,1743871025
387,Bangalore,22.74,67,stormy,1.59,1743871027
388,Bangalore,39.04,42,rainy,2.7,1743871029
389,Bangalore,36.09,41,rainy,4.53,1743871031
390,Chennai,28.03,88,rainy,2.28,1743871033
391,Mumbai,24.24,52,clear sky,1.61,1743871035
392,Bangalore,39.67,41,stormy,5.43,1743871037
393,Delhi,38.75,62,clear sky,5.4,1743871039
394,Mumbai,27.14,65,cloudy,4.37,1743871041
395,Chennai,36.32,51,rainy,9.87,1743871043
396,Bangalore,21.35,36,stormy,8.94,1743871045
397,Bangalore,25.44,51,cloudy,0.86,1743871047
398,Mumbai,25.66,47,rainy,8.82,1743871049
399,Bangalore,32.82,84,stormy,7.86,1743871051
400,Bangalore,23.23,32,cloudy,2.53,1743871053
401,Bangalore,39.18,84,rainy,4.11,1743871055
402,Delhi,26.09,33,cloudy,7.29,1743871057
403,Bangalore,33.88,87,stormy,5.48,1743871059
404,Chennai,25.28,51,cloudy,5.14,1743871061
405,Chennai,27.63,50,stormy,7.71,1743871063
406,Bangalore,32.46,58,rainy,8.73,1743871065
407,Delhi,36.71,38,cloudy,7.66,1743871067
408,Chennai,37.92,87,stormy,5.55,1743871069
409,Mumbai,35.27,63,stormy,4.12,1743871071
410,Bangalore,32.05,34,stormy,5.83,1743871073
411,Bangalore,23.78,57,cloudy,9.25,1743871075
412,Bangalore,32.68,82,cloudy,7.23,1743871077
413,Delhi,30.04,66,rainy,9.99,1743871079
414,Delhi,25.11,53,clear sky,7.71,1743871081
415,Bangalore,28.37,55,stormy,5.88,1743871083
416,Bangalore,21.6,32,stormy,7.79,1743871085
417,Chennai,24.14,50,stormy,3.45,1743871087
418,Mumbai,27.81,35,cloudy,6.28,1743871089
419,Delhi,20.97,58,rainy,9.08,1743871091
420,Delhi,38.28,66,stormy,2.87,1743871093
421,Chennai,23.53,90,stormy,6.13,1743871095
422,Bangalore,32.09,54,stormy,2.48,1743871097
423,Bangalore,29.25,30,rainy,2.78,1743871099
424,Chennai,35.71,86,cloudy,1.61,1743871101
425,Mumbai,22.72,39,stormy,9.88,1743871103
426,Bangalore,22.77,77,clear sky,4.72,1743871105
427,Chennai,22.81,46,rainy,9.84,1743871107
428,Mumbai,30.44,33,stormy,5.58,1743871109
429,Delhi,24.27,59,cloudy,2.36,1743871111
430,Delhi,28.65,30,stormy,6.31,1743871113
431,Chennai,22.89,59,clear sky,4.87,1743871115
432,Mumbai,21.54,87,clear sky,0.95,1743871117
433,Mumbai,22.85,62,stormy,2.57,1743871119
434,Delhi,20.59,64,cloudy,1.86,1743871121
435,Chennai,35.42,31,clear sky,6.88,1743871123
436,Mumbai,30.29,86,rainy,1.7,1743871125
437,Chennai,28.54,48,clear sky,8.64,1743871127
438,Delhi,24.79,34,cloudy,9.64,1743871129
439,Bangalore,25.54,90,rainy,2.16,1743871131
440,Delhi,38.9,33,cloudy,6.29,1743871133
441,Chennai,28.9,89,cloudy,7.73,1743871135
442,Delhi,39.12,56,cloudy,4.89,1743871138
443,Delhi,34.72,61,cloudy,5.68,1743871140
444,Mumbai,29.43,75,rainy,3.32,1743871142
445,Bangalore,23.69,84,cloudy,3.44,1743871144
446,Chennai,33.97,61,rainy,4.3,1743871146
447,Mumbai,32.89,35,stormy,4.45,1743871148
448,Chennai,24.54,48,rainy,5.02,1743871150
449,Bangalore,38.89,82,clear sky,1.72,1743871152
450,Delhi,32.79,30,clear sky,5.42,1743871154
451,Delhi,33.02,88,rainy,2.4,1743871156
452,Bangalore,32.78,32,cloudy,5.43,1743871158
453,Delhi,37.53,45,clear sky,2.7,1743871160
454,Chennai,29.67,76,rainy,1.25,1743871162
455,Mumbai,29.93,67,cloudy,1.67,1743871164
456,Bangalore,28.41,58,cloudy,4.37,1743871166
457,Mumbai,34.1,51,rainy,9.35,1743871168
458,Mumbai,39.63,68,rainy,6.29,1743871170
459,Mumbai,22.32,66,rainy,3.87,1743871172
460,Bangalore,29.2,88,stormy,7.56,1743871174
461,Chennai,26.85,51,rainy,9.54,1743871176
462,Chennai,38.02,87,cloudy,5.28,1743871178
463,Delhi,31.26,58,clear sky,9.01,1743871180
464,Mumbai,35.22,48,cloudy,0.7,1743871182
465,Chennai,35.09,82,stormy,5.87,1743871184
466,Mumbai,32.77,51,cloudy,9.3,1743871186
467,Chennai,22.56,32,stormy,3.45,1743871188
468,Bangalore,39.43,84,cloudy,0.98,1743871190
469,Mumbai,39.51,57,stormy,6.48,1743871192
470,Bangalore,30.38,44,clear sky,7.24,1743871194
471,Bangalore,20.79,54,cloudy,8.52,1743871197
472,Chennai,20.9,45,stormy,0.88,1743871199
473,Mumbai,26.2,45,stormy,4.83,1743871201
474,Delhi,21.13,44,clear sky,1.47,1743871203
475,Chennai,24.65,80,rainy,9.06,1743871205
476,Mumbai,31.58,76,cloudy,7.24,1743871207
477,Delhi,31.27,70,rainy,6.24,1743871209
478,Delhi,27.42,58,rainy,7.74,1743871211
479,Bangalore,20.3,33,cloudy,6.44,1743871213
480,Mumbai,38.45,82,rainy,2.84,1743871215
481,Delhi,20.69,74,clear sky,8.58,1743871217
482,Chennai,33.38,60,clear sky,7.77,1743871219
483,Bangalore,32.91,75,cloudy,5.91,1743871221
484,Bangalore,32.95,34,stormy,5.11,1743871223
485,Delhi,22.53,68,clear sky,4.91,1743871225
486,Mumbai,32.04,74,clear sky,0.96,1743871227
487,Bangalore,30.74,76,stormy,4.32,1743871229
488,Bangalore,29.13,38,stormy,7.07,1743871231
489,Mumbai,38.88,75,stormy,2.3,1743871233
490,Chennai,36.27,49,clear sky,8.77,1743871235
491,Delhi,29.83,44,clear sky,9.25,1743871237
492,Chennai,22.69,35,rainy,9.03,1743871239
493,Bangalore,20.44,67,rainy,7.74,1743871241
494,Delhi,27.18,77,cloudy,1.7,1743871243
495,Mumbai,33.18,53,clear sky,5.99,1743871245
496,Bangalore,36.16,44,rainy,1.4,1743871247
497,Bangalore,22.52,73,stormy,9.51,1743871249
498,Bangalore,28.0,57,stormy,8.19,1743871251
499,Mumbai,20.77,52,clear sky,4.01,1743871253
500,Delhi,33.3,54,rainy,5.85,1743871255
501,Bangalore,38.7,53,rainy,5.65,1743871257
502,Bangalore,20.43,39,rainy,4.96,1743871259
503,Mumbai,35.23,60,clear sky,3.01,1743871261
504,Mumbai,37.58,55,stormy,1.03,1743871263
505,Bangalore,24.3,81,clear sky,7.07,1743871265
506,Bangalore,33.35,66,cloudy,5.78,1743871267
507,Chennai,23.25,80,clear sky,7.8,1743871269
508,Bangalore,24.04,75,stormy,7.98,1743871271
509,Chennai,34.69,44,clear sky,4.66,1743871273
510,Delhi,27.46,59,stormy,3.43,1743871275
511,Delhi,37.95,53,cloudy,0.66,1743871277
512,Chennai,24.01,78,cloudy,2.36,1743871279
513,Chennai,25.6,39,clear sky,2.56,1743871281
514,Bangalore,26.81,90,cloudy,1.89,1743871283
515,Delhi,30.56,62,stormy,8.87,1743871285
516,Mumbai,30.75,63,clear sky,1.51,1743871287
517,Mumbai,20.69,47,cloudy,8.58,1743871289
518,Chennai,35.91,74,stormy,0.74,1743871291
519,Delhi,39.73,46,clear sky,0.77,1743871293
520,Chennai,24.8,86,cloudy,8.26,1743871295
521,Chennai,31.09,67,stormy,1.75,1743871297
522,Chennai,39.3,69,cloudy,1.65,1743871299
523,Chennai,38.27,52,clear sky,9.22,1743871301
524,Bangalore,25.33,42,stormy,6.23,1743871303
525,Chennai,33.62,76,clear sky,3.97,1743871305
526,Bangalore,23.24,69,cloudy,7.15,1743871307
527,Chennai,39.06,68,stormy,3.82,1743871309
528,Delhi,37.84,76,cloudy,0.92,1743871311
529,Mumbai,36.89,36,cloudy,0.91,1743871313
530,Chennai,21.54,87,clear sky,4.3,1743871315
531,Mumbai,25.14,43,clear sky,3.15,1743871317
532,Delhi,38.42,41,cloudy,2.68,1743871319
533,Delhi,31.76,62,clear sky,9.12,1743871321
534,Delhi,27.23,45,stormy,8.76,1743871323
535,Delhi,23.25,68,cloudy,3.21,1743871325
536,Delhi,22.5,55,stormy,4.81,1743871327
537,Chennai,36.81,37,stormy,2.58,1743871329
538,Chennai,31.71,38,stormy,0.65,1743871331
539,Delhi,30.42,35,cloudy,8.38,1743871333
540,Delhi,21.5,85,stormy,4.02,1743871335
541,Bangalore,36.55,45,rainy,2.28,1743871337
542,Chennai,26.03,42,stormy,3.13,1743871339
543,Mumbai,38.58,34,rainy,3.02,1743871341
544,Delhi,26.36,51,cloudy,5.62,1743871343
545,Mumbai,29.08,77,rainy,1.68,1743871345
546,Chennai,20.04,37,rainy,6.46,1743871347
547,Mumbai,21.59,56,clear sky,1.45,1743871349
548,Mumbai,27.72,71,stormy,7.23,1743871351
549,Delhi,36.92,30,rainy,9.61,1743871353
550,Bangalore,23.35,62,stormy,8.52,1743871356
551,Delhi,31.29,64,cloudy,3.02,1743871358
552,Mumbai,21.92,60,cloudy,4.19,1743871360
553,Chennai,20.66,88,clear sky,4.52,1743871362
554,Mumbai,33.65,30,stormy,7.52,1743871364
555,Delhi,37.86,44,cloudy,9.91,1743871366
556,Delhi,23.68,71,cloudy,2.43,1743871368
557,Mumbai,37.29,70,rainy,2.5,1743871370
558,Mumbai,33.59,82,rainy,1.8,1743871372
559,Bangalore,36.41,37,cloudy,5.11,1743871374
560,Chennai,26.91,48,clear sky,1.32,1743871376
561,Delhi,28.04,75,stormy,7.74,1743871378
562,Chennai,20.57,74,stormy,5.49,1743871380
563,Bangalore,22.87,71,stormy,2.83,1743871382
564,Chennai,34.62,57,rainy,9.84,1743871384
565,Mumbai,31.65,48,rainy,3.78,1743871386
566,Chennai,39.96,31,stormy,9.93,1743871388
567,Bangalore,29.21,79,stormy,4.19,1743871390
568,Delhi,22.28,66,cloudy,8.5,1743871392
569,Delhi,35.9,70,rainy,7.51,1743871395
570,Chennai,28.17,69,cloudy,4.69,1743871397
571,Bangalore,23.79,39,stormy,1.85,1743871399
572,Chennai,34.8,76,rainy,7.93,1743871401
573,Delhi,37.23,54,cloudy,5.7,1743871403
574,Chennai,31.56,72,stormy,7.17,1743871405
575,Chennai,25.03,58,rainy,7.01,1743871407
576,Mumbai,27.84,51,rainy,4.62,1743871409
577,Delhi,34.5,70,rainy,8.79,1743871411
578,Delhi,38.29,47,rainy,8.01,1743871413
579,Bangalore,21.02,30,cloudy,7.61,1743871415
580,Bangalore,21.45,72,cloudy,5.68,1743871417
581,Chennai,39.09,34,rainy,1.14,1743871419
582,Bangalore,32.38,64,stormy,7.4,1743871421
583,Mumbai,37.83,57,clear sky,8.89,1743871423
584,Mumbai,20.87,74,cloudy,6.13,1743871425
585,Bangalore,37.23,46,rainy,9.97,1743871427
586,Mumbai,20.96,77,rainy,0.6,1743871429
587,Mumbai,35.23,56,clear sky,9.14,1743871431
588,Mumbai,31.73,55,stormy,2.28,1743871433
589,Bangalore,29.71,57,cloudy,3.91,1743871435
590,Chennai,23.27,77,rainy,1.95,1743871437
591,Delhi,20.9,63,rainy,1.33,1743871439
592,Chennai,26.42,44,clear sky,4.43,1743871441
593,Bangalore,39.08,89,clear sky,5.35,1743871443
594,Chennai,38.77,75,stormy,4.25,1743871445
595,Mumbai,29.82,63,stormy,4.53,1743871447
596,Delhi,37.23,70,stormy,9.39,1743871449
597,Delhi,23.61,65,stormy,9.97,1743871451
598,Delhi,34.28,53,clear sky,7.93,1743871453
599,Delhi,28.21,47,rainy,9.5,1743871455
600,Chennai,36.07,85,stormy,5.54,1743871457
601,Chennai,37.76,63,rainy,8.78,1743871459
602,Chennai,22.23,50,cloudy,1.03,1743871461
603,Chennai,29.19,58,cloudy,8.99,1743871463
604,Chennai,29.4,86,cloudy,5.24,1743871465
605,Bangalore,24.69,66,rainy,5.0,1743871467
606,Chennai,28.51,62,stormy,3.72,1743871469
607,Delhi,29.11,45,clear sky,4.25,1743871471
608,Mumbai,34.16,39,rainy,6.49,1743871473
609,Mumbai,28.44,49,stormy,7.99,1743871475
610,Mumbai,21.64,40,stormy,6.11,1743871477
611,Delhi,26.82,38,rainy,3.35,1743871479
612,Delhi,34.46,50,stormy,2.92,1743871481
613,Bangalore,36.58,83,stormy,3.53,1743871483
614,Delhi,28.36,53,clear sky,5.86,1743871485
615,Mumbai,23.8,45,rainy,3.78,1743871487
616,Mumbai,30.9,37,stormy,1.31,1743871489
617,Chennai,27.0,49,rainy,9.03,1743871491
618,Delhi,30.1,33,clear sky,4.62,1743871493
619,Bangalore,37.31,55,rainy,6.61,1743871495
620,Delhi,26.62,66,stormy,7.24,1743871497
621,Bangalore,39.65,85,stormy,8.0,1743871499
622,Mumbai,24.68,83,cloudy,2.06,1743871501
623,Chennai,38.59,56,clear sky,4.92,1743871503
624,Chennai,30.44,34,cloudy,9.17,1743871505
625,Chennai,26.59,54,clear sky,2.37,1743871507
626,Delhi,22.36,45,rainy,4.29,1743871509
627,Mumbai,34.89,56,cloudy,9.84,1743871511
628,Delhi,32.62,67,stormy,3.06,1743871513
629,Mumbai,28.95,84,cloudy,8.43,1743871515
630,Mumbai,22.9,49,stormy,8.07,1743871517
631,Chennai,34.91,79,rainy,6.33,1743871519
632,Chennai,29.99,58,cloudy,2.72,1743871521
633,Delhi,37.51,48,rainy,5.66,1743871523
634,Chennai,29.52,85,cloudy,7.44,1743871525
635,Mumbai,32.9,54,stormy,6.95,1743871527
636,Delhi,20.3,87,cloudy,8.7,1743871529
637,Chennai,32.09,32,clear sky,8.5,1743871531
638,Chennai,25.52,44,rainy,8.73,1743871533
639,Chennai,26.39,39,clear sky,9.98,1743871535
640,Bangalore,33.64,76,cloudy,7.47,1743871537
641,Bangalore,27.39,45,cloudy,9.84,1743871539
642,Chennai,37.07,70,clear sky,5.04,1743871541
643,Chennai,23.26,41,cloudy,4.99,1743871543
644,Bangalore,31.17,59,stormy,9.33,1743871545
645,Chennai,37.12,89,cloudy,3.71,1743871547
646,Mumbai,31.07,30,stormy,5.44,1743871549
647,Chennai,20.6,41,clear sky,0.51,1743871551
648,Mumbai,29.1,63,rainy,9.59,1743871553
649,Bangalore,27.81,47,clear sky,8.78,1743871555
650,Chennai,25.63,41,rainy,6.05,1743871557
651,Mumbai,25.94,56,cloudy,2.44,1743871559
652,Bangalore,20.8,57,rainy,9.01,1743871561
653,Mumbai,29.43,86,rainy,1.9,1743871563
654,Bangalore,23.22,40,rainy,6.71,1743871565
655,Delhi,37.58,69,cloudy,6.15,1743871567
656,Mumbai,20.73,42,rainy,8.97,1743871569
657,Bangalore,36.56,72,cloudy,6.81,1743871571
658,Bangalore,29.13,82,stormy,9.95,1743871573
659,Bangalore,31.29,34,stormy,8.35,1743871575
660,Bangalore,38.47,80,rainy,9.95,1743871577
661,Chennai,31.17,74,clear sky,9.05,1743871579
662,Delhi,23.61,78,rainy,7.53,1743871581
663,Chennai,22.07,36,stormy,6.89,1743871583
664,Mumbai,39.0,75,clear sky,8.96,1743871585
665,Delhi,21.68,59,cloudy,5.96,1743871587
666,Chennai,30.96,45,stormy,8.73,1743871589
667,Chennai,36.27,90,rainy,0.92,1743871591
668,Delhi,20.64,39,cloudy,0.7,1743871593
669,Mumbai,34.49,68,clear sky,4.86,1743871595
670,Mumbai,38.23,69,clear sky,6.36,1743871597
671,Bangalore,30.86,64,rainy,2.3,1743871599
672,Mumbai,23.39,55,stormy,2.85,1743871601
673,Mumbai,37.24,89,cloudy,4.02,1743871603
674,Delhi,33.95,83,rainy,1.29,1743871605
675,Delhi,23.37,65,rainy,1.5,1743871607
676,Delhi,29.15,40,clear sky,6.7,1743871609
677,Bangalore,30.38,47,stormy,1.74,1743871611
678,Bangalore,21.99,48,rainy,2.23,1743871613
679,Chennai,36.65,75,rainy,2.27,1743871615
680,Mumbai,39.58,65,cloudy,5.59,1743871617
681,Delhi,33.1,53,rainy,8.84,1743871619
682,Delhi,22.5,77,rainy,1.11,1743871621
683,Chennai,25.24,76,cloudy,1.39,1743871623
684,Mumbai,37.25,68,stormy,6.88,1743871625
685,Bangalore,24.12,40,clear sky,6.74,1743871627
686,Bangalore,23.37,52,clear sky,4.54,1743871629
687,Chennai,26.88,78,stormy,9.78,1743871631
688,Mumbai,20.43,35,rainy,9.05,1743871633
689,Chennai,20.56,74,cloudy,1.2,1743871635
690,Delhi,32.71,66,clear sky,9.29,1743871637
691,Mumbai,27.3,79,rainy,3.55,1743871639
692,Mumbai,37.59,37,cloudy,5.42,1743871641
693,Chennai,33.45,43,rainy,5.1,1743871643
694,Mumbai,34.5,90,clear sky,5.83,1743871645
695,Chennai,33.29,54,rainy,6.63,1743871647
696,Bangalore,34.15,64,cloudy,9.93,1743871649
697,Delhi,30.78,83,rainy,6.62,1743871651
698,Bangalore,28.2,38,clear sky,6.41,1743871653
699,Chennai,21.64,67,cloudy,9.85,1743871655
700,Delhi,26.66,75,rainy,7.73,1743871657
701,Delhi,25.06,54,cloudy,9.48,1743871659
702,Bangalore,37.49,47,stormy,3.33,1743871661
703,Delhi,38.17,79,stormy,3.36,1743871663
704,Bangalore,31.99,66,stormy,9.16,1743871665
705,Delhi,36.65,51,stormy,8.23,1743871667
706,Bangalore,33.59,89,clear sky,5.57,1743871669
707,Chennai,38.9,36,clear sky,4.95,1743871671
708,Bangalore,33.99,58,rainy,1.56,1743871673
709,Chennai,25.46,61,rainy,5.86,1743871675
710,Chennai,20.25,54,clear sky,1.71,1743871677
711,Bangalore,30.28,42,cloudy,3.78,1743871679
712,Delhi,27.24,48,stormy,2.92,1743871681
713,Chennai,30.02,45,rainy,9.4,1743871683
714,Mumbai,25.42,53,clear sky,8.56,1743871685
715,Chennai,35.37,38,rainy,4.32,1743871687
716,Mumbai,37.68,73,rainy,7.03,1743871689
717,Bangalore,33.36,74,cloudy,1.32,1743871691
718,Bangalore,38.75,32,cloudy,5.3,1743871693
719,Mumbai,26.63,54,rainy,9.5,1743871695
720,Bangalore,38.38,38,clear sky,9.15,1743871697
721,Delhi,20.78,44,rainy,5.31,1743871699
722,Mumbai,31.56,80,stormy,7.37,1743871701
723,Chennai,39.27,67,stormy,2.7,1743871703
724,Bangalore,32.29,35,clear sky,7.02,1743871705
725,Chennai,31.95,54,clear sky,1.12,1743871707
726,Bangalore,20.97,37,rainy,3.85,1743871709
727,Chennai,20.97,34,stormy,4.64,1743871711
728,Delhi,31.27,88,rainy,7.76,1743871713
729,Mumbai,29.55,49,clear sky,5.72,1743871715
730,Chennai,32.94,90,cloudy,2.18,1743871717
731,Chennai,21.32,39,rainy,8.22,1743871719
732,Bangalore,24.87,33,rainy,8.29,1743871721
733,Chennai,36.13,77,clear sky,2.78,1743871723
734,Delhi,25.08,78,rainy,8.57,1743871725
735,Chennai,38.33,88,rainy,8.64,1743871727
736,Delhi,30.17,71,stormy,9.58,1743871729
737,Delhi,35.07,67,rainy,4.68,1743871731
738,Mumbai,31.22,32,stormy,8.88,1743871733
739,Delhi,39.67,63,cloudy,0.75,1743871735
740,Chennai,26.13,90,rainy,7.43,1743871737
741,Bangalore,33.64,66,clear sky,5.71,1743871739
742,Chennai,32.7,79,stormy,3.12,1743871741
743,Chennai,27.85,35,stormy,7.59,1743871743
744,Chennai,20.85,45,clear sky,3.33,1743871745
745,Delhi,31.6,38,stormy,5.26,1743871747
746,Delhi,34.42,53,clear sky,3.27,1743871749
747,Chennai,32.27,86,clear sky,5.14,1743871751
748,Bangalore,39.13,90,rainy,5.92,1743871753
749,Bangalore,37.05,77,rainy,1.62,1743871755
750,Bangalore,20.22,81,clear sky,2.13,1743871757
751,Bangalore,33.58,78,clear sky,0.69,1743871759
752,Bangalore,31.81,41,cloudy,8.6,1743871761
753,Mumbai,22.37,88,rainy,5.59,1743871763
754,Delhi,30.58,46,clear sky,5.97,1743871765
755,Delhi,27.52,45,cloudy,6.39,1743871767
756,Delhi,31.69,81,stormy,2.34,1743871769
757,Chennai,30.02,44,rainy,2.48,1743871771
758,Delhi,38.37,81,clear sky,1.96,1743871773
759,Chennai,29.28,46,cloudy,1.14,1743871775
760,Mumbai,20.35,87,stormy,7.8,1743871777
761,Bangalore,36.78,43,rainy,3.55,1743871779
762,Mumbai,32.2,63,rainy,9.71,1743871781
763,Chennai,39.12,74,rainy,8.94,1743871783
764,Delhi,28.59,71,clear sky,4.27,1743871785
765,Chennai,39.28,47,rainy,2.14,1743871787
766,Bangalore,27.14,51,cloudy,5.86,1743871789
767,Delhi,28.8,90,rainy,5.09,1743871791
768,Delhi,27.27,47,cloudy,6.17,1743871793
769,Bangalore,33.22,84,clear sky,8.82,1743871795
770,Delhi,25.9,75,cloudy,9.69,1743871797
771,Delhi,27.21,89,cloudy,4.27,1743871799
772,Bangalore,34.23,69,clear sky,1.71,1743871801
773,Chennai,21.0,37,clear sky,7.58,1743871803
774,Bangalore,30.08,50,cloudy,7.4,1743871806
775,Delhi,27.01,32,stormy,3.9,1743871808
776,Bangalore,33.45,45,stormy,7.12,1743871810
777,Delhi,39.49,32,clear sky,9.95,1743871812
778,Mumbai,35.14,88,stormy,8.79,1743871814
779,Bangalore,24.15,64,rainy,1.29,1743871816
780,Chennai,34.78,44,cloudy,9.74,1743871818
781,Delhi,34.29,34,cloudy,5.97,1743871820
782,Mumbai,22.23,78,rainy,8.45,1743871822
783,Chennai,30.62,32,rainy,1.93,1743871824
784,Mumbai,39.33,68,cloudy,1.02,1743871826
785,Delhi,28.08,34,rainy,7.52,1743871828
786,Mumbai,25.97,42,cloudy,6.15,1743871830
787,Bangalore,24.41,71,stormy,3.51,1743871832
788,Mumbai,37.23,44,rainy,5.49,1743871834
789,Bangalore,31.28,44,rainy,6.44,1743871836
790,Delhi,36.19,88,rainy,5.7,1743871838
791,Mumbai,37.4,66,stormy,7.07,1743871840
792,Delhi,36.52,48,clear sky,9.48,1743871842
793,Chennai,37.49,75,clear sky,0.94,1743871844
794,Mumbai,36.72,71,stormy,4.68,1743871846
795,Delhi,39.77,68,clear sky,8.96,1743871848
796,Delhi,26.2,56,cloudy,5.81,1743871850
797,Chennai,38.16,47,cloudy,5.4,1743871852
798,Chennai,39.22,57,stormy,8.91,1743871854
799,Delhi,27.58,43,cloudy,4.55,1743871856
800,Delhi,36.53,76,clear sky,9.12,1743871858
801,Chennai,33.42,90,cloudy,8.37,1743871860
802,Bangalore,37.77,75,clear sky,8.68,1743871862
803,Bangalore,23.64,68,cloudy,5.76,1743871864
804,Chennai,37.72,74,cloudy,6.04,1743871866
805,Chennai,25.45,60,clear sky,6.08,1743871868
806,Bangalore,38.46,51,clear sky,8.16,1743871870
807,Bangalore,24.54,73,clear sky,7.05,1743871872
808,Chennai,39.89,46,clear sky,1.3,1743871874
809,Mumbai,38.72,74,stormy,2.58,1743871876
810,Bangalore,31.09,73,clear sky,6.81,1743871878
811,Chennai,22.97,42,rainy,4.63,1743871880
812,Bangalore,28.04,34,clear sky,2.26,1743871882
813,Delhi,26.83,45,stormy,2.34,1743871884
814,Chennai,32.61,32,cloudy,4.9,1743871886
815,Bangalore,21.4,63,rainy,6.82,1743871888
816,Chennai,36.84,62,stormy,7.28,1743871890
817,Delhi,23.61,87,clear sky,8.36,1743871892
818,Delhi,27.42,65,cloudy,8.23,1743871894
819,Chennai,33.98,69,rainy,8.95,1743871896
820,Bangalore,22.7,71,cloudy,2.27,1743871898
821,Mumbai,24.27,65,stormy,1.7,1743871900
822,Chennai,28.55,77,clear sky,3.06,1743871902
823,Bangalore,36.73,51,clear sky,6.11,1743871904
824,Mumbai,38.29,31,clear sky,6.71,1743871906
825,Bangalore,20.72,63,stormy,0.62,1743871908
826,Mumbai,27.11,40,cloudy,2.62,1743871910
827,Delhi,38.87,64,stormy,4.51,1743871912
828,Delhi,28.37,64,clear sky,5.18,1743871914
829,Delhi,21.22,64,rainy,7.48,1743871916
830,Delhi,30.1,31,rainy,7.25,1743871918
831,Delhi,32.98,46,stormy,7.59,1743871920
832,Delhi,21.04,45,clear sky,2.17,1743871922
833,Chennai,37.52,86,stormy,1.04,1743871924
834,Mumbai,37.08,58,rainy,1.83,1743871926
835,Bangalore,27.58,50,clear sky,6.41,1743871928
836,Chennai,26.38,59,stormy,7.82,1743871930
837,Delhi,24.64,55,rainy,8.41,1743871932
838,Delhi,37.02,75,cloudy,8.59,1743871934
839,Mumbai,25.28,44,rainy,0.81,1743871936
840,Chennai,38.43,32,stormy,1.8,1743871938
841,Bangalore,21.09,42,stormy,8.16,1743871940
842,Bangalore,34.79,45,clear sky,1.42,1743871942
843,Chennai,26.02,35,clear sky,1.34,1743871944
844,Bangalore,34.16,70,cloudy,4.59,1743871946
845,Chennai,36.31,35,cloudy,4.63,1743871948
846,Delhi,25.94,81,rainy,2.19,1743871950
847,Mumbai,34.15,34,clear sky,8.52,1743871952
848,Chennai,23.76,46,stormy,6.39,1743871954
849,Chennai,31.44,77,rainy,2.69,1743871956
850,Delhi,36.38,74,clear sky,2.72,1743871958
851,Bangalore,27.65,40,stormy,0.57,1743871960
852,Mumbai,21.57,41,rainy,8.57,1743871962
853,Bangalore,23.89,76,rainy,1.83,1743871964
854,Bangalore,21.05,85,stormy,5.69,1743871966
855,Delhi,21.44,49,clear sky,9.61,1743871968
856,Mumbai,22.34,87,rainy,6.88,1743871970
857,Delhi,22.49,38,rainy,1.03,1743871972
858,Mumbai,33.53,75,rainy,9.6,1743871974
859,Delhi,36.02,61,rainy,8.83,1743871976
860,Delhi,23.59,74,rainy,5.12,1743871978
861,Bangalore,30.04,89,rainy,7.85,1743871980
862,Delhi,29.87,50,rainy,1.55,1743871982
863,Chennai,28.04,54,clear sky,8.72,1743871984
864,Mumbai,20.06,85,cloudy,4.68,1743871986
865,Delhi,31.43,85,stormy,9.73,1743871988
866,Chennai,27.99,43,clear sky,2.94,1743871990
867,Mumbai,34.99,65,stormy,9.22,1743871992
868,Bangalore,30.67,88,rainy,5.81,1743871994
869,Delhi,39.34,68,clear sky,4.44,1743871996
870,Delhi,23.24,64,stormy,1.36,1743871998
871,Bangalore,21.09,75,stormy,6.89,1743872000
872,Bangalore,20.26,71,clear sky,9.01,1743872002
873,Delhi,30.74,51,cloudy,5.37,1743872004
874,Chennai,35.87,43,clear sky,7.69,1743872006
875,Bangalore,32.2,74,rainy,5.36,1743872008
876,Bangalore,26.59,63,cloudy,7.4,1743872010
877,Chennai,22.63,84,clear sky,8.61,1743872012
878,Mumbai,27.32,83,rainy,7.51,1743872014
879,Bangalore,31.61,87,stormy,4.67,1743872016
880,Mumbai,36.2,78,cloudy,5.33,1743872018
881,Chennai,20.08,70,rainy,5.27,1743872020
882,Delhi,25.04,64,stormy,1.56,1743872022
883,Mumbai,32.26,71,clear sky,3.94,1743872024
884,Delhi,25.33,39,rainy,9.18,1743872026
885,Delhi,23.04,78,rainy,4.61,1743872028
886,Bangalore,33.33,62,cloudy,6.9,1743872030
887,Mumbai,36.53,46,clear sky,2.74,1743872032
888,Chennai,36.49,52,clear sky,5.17,1743872034
889,Mumbai,33.4,68,clear sky,3.19,1743872036
890,Delhi,21.61,70,rainy,3.2,1743872038
891,Delhi,21.43,70,clear sky,7.9,1743872040
892,Delhi,33.75,44,cloudy,2.41,1743872042
893,Chennai,34.04,62,stormy,2.61,1743872044
894,Bangalore,30.83,40,rainy,0.85,1743872046
895,Delhi,25.45,34,stormy,1.9,1743872048
896,Chennai,36.4,71,rainy,8.55,1743872050
897,Delhi,31.89,40,stormy,6.16,1743872052
898,Mumbai,26.33,46,clear sky,4.59,1743872054
899,Chennai,25.59,49,stormy,1.64,1743872056
900,Chennai,34.14,31,rainy,5.69,1743872058
901,Delhi,27.39,39,rainy,7.35,1743872060
902,Chennai,25.15,59,cloudy,9.56,1743872062
903,Mumbai,27.08,71,cloudy,9.78,1743872064
904,Mumbai,23.55,71,rainy,5.15,1743872066
905,Delhi,27.4,38,rainy,3.53,1743872068
906,Mumbai,24.16,50,cloudy,1.61,1743872070
907,Bangalore,31.18,66,cloudy,7.51,1743872072
908,Delhi,28.66,74,rainy,4.04,1743872074
909,Mumbai,39.2,65,cloudy,1.23,1743872076
910,Mumbai,32.02,66,clear sky,5.48,1743872078
911,Delhi,30.26,65,cloudy,4.64,1743872080
912,Mumbai,31.74,66,clear sky,3.69,1743872082
913,Delhi,31.58,76,rainy,4.93,1743872084
914,Chennai,36.89,44,clear sky,0.59,1743872086
915,Mumbai,36.27,63,cloudy,8.48,1743872088
916,Delhi,28.77,39,clear sky,9.24,1743872090
917,Delhi,33.99,56,cloudy,8.62,1743872092
918,Delhi,39.16,89,stormy,2.91,1743872094
919,Delhi,38.42,33,stormy,2.67,1743872096
920,Chennai,22.12,73,clear sky,3.26,1743872098
921,Chennai,34.27,79,cloudy,8.89,1743872100
922,Delhi,39.03,46,clear sky,4.86,1743872102
923,Bangalore,36.43,65,clear sky,6.29,1743872104
924,Delhi,22.98,77,clear sky,4.62,1743872106
925,Delhi,22.27,52,rainy,5.25,1743872108
926,Chennai,34.65,42,stormy,4.48,1743872110
927,Delhi,30.77,59,clear sky,5.01,1743872112
928,Delhi,37.33,40,stormy,4.72,1743872114
929,Delhi,23.0,45,cloudy,8.99,1743872116
930,Bangalore,36.27,40,clear sky,2.13,1743872118
931,Chennai,22.37,89,rainy,1.27,1743872120
932,Mumbai,23.31,59,stormy,7.01,1743872122
933,Mumbai,34.03,70,stormy,5.43,1743872124
934,Mumbai,22.24,79,stormy,5.8,1743872126
935,Delhi,35.11,85,clear sky,7.45,1743872128
936,Delhi,39.05,72,clear sky,7.7,1743872130
937,Mumbai,30.97,73,rainy,3.63,1743872132
938,Bangalore,21.84,35,cloudy,5.24,1743872134
939,Bangalore,30.09,49,cloudy,1.16,1743872136
940,Delhi,31.48,30,stormy,3.55,1743872138
941,Mumbai,32.98,61,cloudy,7.4,1743872140
942,Delhi,27.1,43,stormy,2.6,1743872142
943,Chennai,38.98,72,cloudy,3.7,1743872145
944,Bangalore,38.04,59,cloudy,6.63,1743872147
945,Mumbai,26.26,71,clear sky,4.32,1743872149
946,Mumbai,27.89,35,cloudy,4.73,1743872151
947,Mumbai,34.91,77,rainy,3.22,1743872153
948,Chennai,28.51,73,stormy,5.38,1743872155
949,Mumbai,28.49,54,cloudy,6.47,1743872157
950,Delhi,29.17,67,clear sky,7.67,1743872159
951,Delhi,24.95,46,rainy,2.09,1743872161
952,Bangalore,26.94,35,cloudy,2.39,1743872163
953,Chennai,35.1,51,cloudy,4.04,1743872165
954,Chennai,28.68,78,cloudy,8.95,1743872167
955,Delhi,31.43,41,cloudy,9.58,1743872169
956,Bangalore,31.99,80,clear sky,3.59,1743872171
957,Bangalore,39.33,89,cloudy,8.34,1743872173
958,Delhi,33.05,89,clear sky,5.57,1743872175
959,Mumbai,32.43,47,rainy,0.88,1743872177
960,Mumbai,24.92,53,clear sky,9.1,1743872179
961,Bangalore,35.59,52,rainy,8.87,1743872181
962,Chennai,30.79,37,cloudy,4.26,1743872183
963,Chennai,20.37,67,clear sky,7.06,1743872185
964,Chennai,31.88,64,rainy,7.33,1743872187
965,Delhi,34.54,52,cloudy,7.15,1743872189
966,Chennai,22.54,52,clear sky,5.41,1743872191
967,Mumbai,30.29,84,stormy,3.47,1743872193
968,Chennai,25.53,62,cloudy,5.0,1743872195
969,Mumbai,36.0,68,stormy,6.25,1743872197
970,Delhi,22.33,65,rainy,1.75,1743872199
971,Mumbai,24.16,83,cloudy,9.34,1743872201
972,Bangalore,22.8,70,rainy,8.61,1743872203
973,Delhi,39.64,84,rainy,8.25,1743872205
974,Bangalore,29.82,63,clear sky,4.74,1743872207
975,Mumbai,24.46,66,clear sky,6.76,1743872209
976,Delhi,27.34,59,clear sky,5.86,1743872211
977,Mumbai,34.96,65,stormy,6.32,1743872213
978,Chennai,35.12,51,clear sky,6.63,1743872215
979,Delhi,25.64,67,rainy,6.89,1743872217
980,Chennai,31.1,46,cloudy,9.66,1743872219
981,Delhi,34.55,56,stormy,7.71,1743872221
982,Delhi,25.1,90,cloudy,7.49,1743872223
983,Mumbai,21.32,77,clear sky,6.98,1743872225
984,Bangalore,38.69,88,cloudy,3.32,1743872227
985,Chennai,30.03,76,rainy,9.01,1743872229
986,Chennai,32.35,56,stormy,5.88,1743872231
987,Delhi,24.44,57,rainy,1.75,1743872233
988,Bangalore,22.99,32,rainy,0.62,1743872235
989,Chennai,34.01,79,clear sky,6.83,1743872237
990,Delhi,38.35,60,clear sky,0.65,1743872239
991,Mumbai,23.71,87,cloudy,7.8,1743872241
992,Delhi,38.99,52,rainy,3.64,1743872243
993,Chennai,26.01,45,stormy,7.32,1743872245
994,Mumbai,30.07,80,stormy,1.45,1743872247
995,Delhi,33.72,79,stormy,3.29,1743872249
996,Chennai,31.36,89,cloudy,3.62,1743872251
997,Mumbai,38.25,32,stormy,6.63,1743872253
998,Chennai,39.73,51,clear sky,8.69,1743872255
999,Mumbai,32.47,82,rainy,5.2,1743872257
1000,Delhi,29.55,33,clear sky,7.49,1743872259
1001,Delhi,25.13,80,cloudy,2.56,1743872261
1002,Chennai,39.19,89,stormy,3.21,1743872263
1003,Mumbai,26.31,34,rainy,4.89,1743872265
1004,Bangalore,30.95,55,clear sky,9.45,1743872267
1005,Bangalore,21.53,74,cloudy,4.9,1743872269
1006,Mumbai,36.31,65,cloudy,3.11,1743872271
1007,Delhi,29.61,45,stormy,5.47,1743872273
1008,Delhi,32.45,82,cloudy,9.4,1743872275
1009,Chennai,29.99,56,rainy,2.64,1743872277
1010,Chennai,25.66,48,rainy,6.53,1743872279
1011,Chennai,30.06,43,rainy,5.54,1743872281
1012,Bangalore,33.89,57,rainy,1.68,1743872283
1013,Mumbai,39.0,82,stormy,3.59,1743872285
1014,Bangalore,23.73,72,stormy,8.28,1743872287
1015,Delhi,39.53,54,rainy,2.22,1743872289
1016,Mumbai,23.79,35,clear sky,7.22,1743872291
1017,Delhi,27.74,61,stormy,8.31,1743872293
1018,Chennai,36.4,41,cloudy,9.39,1743872295
1019,Bangalore,26.55,39,cloudy,3.67,1743872297
1020,Delhi,29.53,46,rainy,9.49,1743872299
1021,Mumbai,26.52,44,stormy,6.86,1743872301
1022,Mumbai,39.02,63,clear sky,1.87,1743872303
1023,Mumbai,25.48,66,clear sky,2.39,1743872305
1024,Mumbai,23.62,82,rainy,9.2,1743872307
1025,Bangalore,28.22,46,stormy,8.12,1743872309
1026,Bangalore,22.75,35,rainy,8.06,1743872311
1027,Chennai,33.99,50,cloudy,5.31,1743872313
1028,Chennai,39.8,72,stormy,9.6,1743872316
1029,Bangalore,30.66,58,clear sky,3.08,1743872318
1030,Delhi,34.12,83,rainy,3.39,1743872320
1031,Chennai,31.11,67,cloudy,9.33,1743872322
1032,Bangalore,35.94,42,cloudy,5.3,1743872324
1033,Mumbai,21.2,88,cloudy,4.74,1743872326
1034,Delhi,29.84,85,rainy,8.73,1743872328
1035,Delhi,35.75,69,stormy,8.53,1743872330
1036,Mumbai,28.89,71,rainy,8.19,1743872332
1037,Mumbai,37.61,60,cloudy,2.13,1743872334
1038,Mumbai,38.57,86,clear sky,1.96,1743872336
1039,Bangalore,34.84,80,cloudy,5.87,1743872338
1040,Chennai,37.42,66,cloudy,4.92,1743872340
1041,Bangalore,35.47,52,cloudy,6.66,1743872342
1042,Bangalore,33.62,89,cloudy,9.64,1743872344
1043,Delhi,29.59,62,clear sky,0.74,1743872346
1044,Delhi,34.19,67,rainy,3.27,1743872348
1045,Delhi,26.86,72,stormy,1.67,1743872350
1046,Chennai,31.28,35,cloudy,4.15,1743872352
1047,Delhi,30.81,81,stormy,3.47,1743872354
1048,Bangalore,24.52,44,clear sky,7.39,1743872356
1049,Delhi,28.57,86,clear sky,0.55,1743872358
1050,Delhi,21.29,42,rainy,9.1,1743872360
1051,Mumbai,20.91,39,rainy,4.63,1743872362
1052,Delhi,30.66,90,clear sky,7.93,1743872364
1053,Bangalore,36.44,84,stormy,8.59,1743872366
1054,Mumbai,35.49,74,stormy,8.76,1743872368
1055,Delhi,36.44,36,cloudy,1.96,1743872370
1056,Delhi,38.52,65,clear sky,2.36,1743872372
1057,Mumbai,24.97,77,cloudy,7.31,1743872374
1058,Bangalore,33.61,67,cloudy,4.28,1743872376
1059,Delhi,23.97,79,stormy,4.99,1743872378
1060,Delhi,26.74,50,stormy,3.3,1743872380
1061,Chennai,24.59,36,clear sky,6.68,1743872382
1062,Mumbai,37.45,82,rainy,2.07,1743872384
1063,Bangalore,33.81,73,rainy,3.43,1743872386
1064,Mumbai,29.26,61,cloudy,5.13,1743872388
1065,Bangalore,33.68,83,stormy,1.82,1743872390
1066,Delhi,37.36,84,clear sky,9.34,1743872392
1067,Mumbai,32.94,64,cloudy,7.16,1743872394
1068,Bangalore,31.01,85,rainy,4.43,1743872396
1069,Bangalore,25.28,44,stormy,5.98,1743872398
1070,Mumbai,22.06,83,clear sky,3.13,1743872400
1071,Delhi,28.47,78,stormy,1.15,1743872403
1072,Delhi,25.25,56,clear sky,3.14,1743872405
1073,Delhi,24.52,32,clear sky,7.18,1743872407
1074,Bangalore,23.24,34,cloudy,2.23,1743872409
1075,Delhi,26.64,75,rainy,6.43,1743872411
1076,Mumbai,31.92,46,cloudy,9.75,1743872413
1077,Delhi,30.2,86,rainy,5.1,1743872415
1078,Bangalore,36.24,57,rainy,7.42,1743872417
1079,Chennai,39.95,36,rainy,1.54,1743872419
1080,Delhi,32.31,41,stormy,9.62,1743872421
1081,Delhi,28.91,81,rainy,2.47,1743872423
1082,Delhi,30.87,36,clear sky,3.32,1743872425
Delhi,33.08,12,clear sky,2.42,1744133897
Delhi,33.08,12,clear sky,2.42,1744133897
